Przestêpstwa bójka i pobicie wg jednostek podzia³u administracyjnego kraju - przestêpstwa stwierdzone, przestêpstwa wykryte, % wykrycia.;;;;;;;;;;;
;;;;;;;;;;;
Jednostka podzia³u administracyjnego;Rok;Przestêpstwa stwierdzone;Przestêpstwa wykryte;% wykrycia;;;;;;;
Polska;2021;2 450;2 075;84,2;;;;;;;
Polska;2020;2 801;2 299;81,8;;;;;;;
Polska;2019;3 533;2 856;80,6;;;;;;;
Polska;2018;3 845;3 062;79,5;;;;;;;
Polska;2017;4 385;3 510;79,8;;;;;;;
Polska;2016;4 776;3 726;77,8;;;;;;;
Polska;2015;4 708;3 569;75,5;;;;;;;
Polska;2014;5 797;4 401;75,6;;;;;;;
Polska;2013;8 783;7 048;79,9;;;;;;;
Polska;2012;11 416;9 338;81,5;;;;;;;
Polska;2011;12 008;9 948;82,7;;;;;;;
Polska;2010;11 883;9 621;80,7;;;;;;;
Polska;2009;13 141;10 497;79,6;;;;;;;
Polska;2008;14 380;11 316;78,4;;;;;;;
Polska;2007;14 327;11 302;78,7;;;;;;;
Polska;2006;14 266;11 158;78,1;;;;;;;
Polska;2005;13 911;10 806;77,4;;;;;;;
Polska;2004;14 338;10 890;75,8;;;;;;;
Polska;2003;14 010;10 730;76,4;;;;;;;
Polska;2002;14 194;10 975;77,2;;;;;;;
Polska;2001;14 369;11 174;77,6;;;;;;;
Polska;2000;14 363;11 137;77,4;;;;;;;
Polska;1999;12 756;9 755;76,3;;;;;;;
woj. dolnoœl¹skie;2021;219;180;81,4;;;;;;;
woj. dolnoœl¹skie;2020;243;193;79,4;;;;;;;
woj. dolnoœl¹skie;2019;294;220;74,6;;;;;;;
woj. dolnoœl¹skie;2018;273;201;73,6;;;;;;;
woj. dolnoœl¹skie;2017;358;264;73,7;;;;;;;
woj. dolnoœl¹skie;2016;367;264;71,4;;;;;;;
woj. dolnoœl¹skie;2015;394;304;77,0;;;;;;;
woj. dolnoœl¹skie;2014;463;340;73,1;;;;;;;
woj. dolnoœl¹skie;2013;710;570;79,9;;;;;;;
woj. dolnoœl¹skie;2012;896;716;79,9;;;;;;;
woj. dolnoœl¹skie;2011;967;801;82,6;;;;;;;
woj. dolnoœl¹skie;2010;1 019;827;80,9;;;;;;;
woj. dolnoœl¹skie;2009;1 107;877;78,9;;;;;;;
woj. dolnoœl¹skie;2008;1 222;996;81,3;;;;;;;
woj. dolnoœl¹skie;2007;1 142;890;77,9;;;;;;;
woj. dolnoœl¹skie;2006;1 131;918;81,2;;;;;;;
woj. dolnoœl¹skie;2005;1 131;897;79,1;;;;;;;
woj. dolnoœl¹skie;2004;1 255;1 008;80,3;;;;;;;
woj. dolnoœl¹skie;2003;1 230;979;79,5;;;;;;;
woj. dolnoœl¹skie;2002;1 267;1 001;78,8;;;;;;;
woj. dolnoœl¹skie;2001;1 244;995;79,9;;;;;;;
woj. dolnoœl¹skie;2000;1 307;1 039;79,4;;;;;;;
woj. dolnoœl¹skie;1999;1 208;937;77,6;;;;;;;
woj. kujawsko-pomorskie;2021;103;95;90,5;;;;;;;
woj. kujawsko-pomorskie;2020;107;90;84,1;;;;;;;
woj. kujawsko-pomorskie;2019;167;146;87,4;;;;;;;
woj. kujawsko-pomorskie;2018;158;135;84,9;;;;;;;
woj. kujawsko-pomorskie;2017;229;192;83,5;;;;;;;
woj. kujawsko-pomorskie;2016;251;207;82,1;;;;;;;
woj. kujawsko-pomorskie;2015;180;141;77,5;;;;;;;
woj. kujawsko-pomorskie;2014;242;199;82,2;;;;;;;
woj. kujawsko-pomorskie;2013;388;322;82,8;;;;;;;
woj. kujawsko-pomorskie;2012;470;389;82,8;;;;;;;
woj. kujawsko-pomorskie;2011;480;403;83,6;;;;;;;
woj. kujawsko-pomorskie;2010;555;454;81,7;;;;;;;
woj. kujawsko-pomorskie;2009;636;521;81,7;;;;;;;
woj. kujawsko-pomorskie;2008;705;538;76,2;;;;;;;
woj. kujawsko-pomorskie;2007;723;572;79,1;;;;;;;
woj. kujawsko-pomorskie;2006;658;497;75,5;;;;;;;
woj. kujawsko-pomorskie;2005;675;521;77,2;;;;;;;
woj. kujawsko-pomorskie;2004;708;555;78,3;;;;;;;
woj. kujawsko-pomorskie;2003;713;548;76,6;;;;;;;
woj. kujawsko-pomorskie;2002;711;542;76,0;;;;;;;
woj. kujawsko-pomorskie;2001;681;532;78,0;;;;;;;
woj. kujawsko-pomorskie;2000;698;542;77,5;;;;;;;
woj. kujawsko-pomorskie;1999;589;460;78,1;;;;;;;
woj. lubelskie;2021;149;144;96,0;;;;;;;
woj. lubelskie;2020;191;176;92,1;;;;;;;
woj. lubelskie;2019;223;205;91,9;;;;;;;
woj. lubelskie;2018;287;243;84,4;;;;;;;
woj. lubelskie;2017;305;259;84,6;;;;;;;
woj. lubelskie;2016;323;274;84,3;;;;;;;
woj. lubelskie;2015;332;277;82,7;;;;;;;
woj. lubelskie;2014;404;346;85,2;;;;;;;
woj. lubelskie;2013;478;396;82,2;;;;;;;
woj. lubelskie;2012;624;532;84,8;;;;;;;
woj. lubelskie;2011;719;614;85,4;;;;;;;
woj. lubelskie;2010;696;595;85,4;;;;;;;
woj. lubelskie;2009;776;659;84,6;;;;;;;
woj. lubelskie;2008;843;661;78,3;;;;;;;
woj. lubelskie;2007;858;710;82,1;;;;;;;
woj. lubelskie;2006;905;739;81,5;;;;;;;
woj. lubelskie;2005;922;767;83,1;;;;;;;
woj. lubelskie;2004;936;769;81,8;;;;;;;
woj. lubelskie;2003;1 000;842;83,8;;;;;;;
woj. lubelskie;2002;955;777;81,3;;;;;;;
woj. lubelskie;2001;1 038;890;85,3;;;;;;;
woj. lubelskie;2000;1 066;893;83,5;;;;;;;
woj. lubelskie;1999;979;789;80,3;;;;;;;
woj. lubuskie;2021;102;87;83,7;;;;;;;
woj. lubuskie;2020;99;69;69,7;;;;;;;
woj. lubuskie;2019;115;87;75,7;;;;;;;
woj. lubuskie;2018;158;122;77,2;;;;;;;
woj. lubuskie;2017;144;113;78,5;;;;;;;
woj. lubuskie;2016;192;151;78,6;;;;;;;
woj. lubuskie;2015;149;114;75,5;;;;;;;
woj. lubuskie;2014;183;129;70,5;;;;;;;
woj. lubuskie;2013;262;196;74,5;;;;;;;
woj. lubuskie;2012;394;324;82,0;;;;;;;
woj. lubuskie;2011;443;375;84,7;;;;;;;
woj. lubuskie;2010;448;372;82,9;;;;;;;
woj. lubuskie;2009;443;377;84,7;;;;;;;
woj. lubuskie;2008;458;391;85,0;;;;;;;
woj. lubuskie;2007;488;398;81,2;;;;;;;
woj. lubuskie;2006;461;377;81,8;;;;;;;
woj. lubuskie;2005;497;419;84,0;;;;;;;
woj. lubuskie;2004;488;405;82,8;;;;;;;
woj. lubuskie;2003;480;405;84,0;;;;;;;
woj. lubuskie;2002;446;384;85,9;;;;;;;
woj. lubuskie;2001;511;429;84,0;;;;;;;
woj. lubuskie;2000;470;384;81,7;;;;;;;
woj. lubuskie;1999;446;382;85,7;;;;;;;
woj. ³ódzkie;2021;199;161;80,9;;;;;;;
woj. ³ódzkie;2020;175;139;78,5;;;;;;;
woj. ³ódzkie;2019;257;192;74,7;;;;;;;
woj. ³ódzkie;2018;256;174;67,7;;;;;;;
woj. ³ódzkie;2017;307;232;75,3;;;;;;;
woj. ³ódzkie;2016;314;213;67,8;;;;;;;
woj. ³ódzkie;2015;380;278;72,8;;;;;;;
woj. ³ódzkie;2014;409;290;70,4;;;;;;;
woj. ³ódzkie;2013;626;455;72,3;;;;;;;
woj. ³ódzkie;2012;726;509;70,0;;;;;;;
woj. ³ódzkie;2011;733;544;73,7;;;;;;;
woj. ³ódzkie;2010;747;549;73,0;;;;;;;
woj. ³ódzkie;2009;841;638;75,5;;;;;;;
woj. ³ódzkie;2008;914;662;72,3;;;;;;;
woj. ³ódzkie;2007;1 015;734;72,3;;;;;;;
woj. ³ódzkie;2006;1 051;750;71,2;;;;;;;
woj. ³ódzkie;2005;934;647;69,1;;;;;;;
woj. ³ódzkie;2004;992;685;69,1;;;;;;;
woj. ³ódzkie;2003;877;661;75,3;;;;;;;
woj. ³ódzkie;2002;862;595;68,9;;;;;;;
woj. ³ódzkie;2001;906;662;73,0;;;;;;;
woj. ³ódzkie;2000;871;600;68,6;;;;;;;
woj. ³ódzkie;1999;701;510;72,8;;;;;;;
woj. ma³opolskie;2021;167;128;76,2;;;;;;;
woj. ma³opolskie;2020;235;185;77,7;;;;;;;
woj. ma³opolskie;2019;230;172;74,8;;;;;;;
woj. ma³opolskie;2018;322;254;78,6;;;;;;;
woj. ma³opolskie;2017;327;250;76,5;;;;;;;
woj. ma³opolskie;2016;325;231;70,9;;;;;;;
woj. ma³opolskie;2015;366;245;66,9;;;;;;;
woj. ma³opolskie;2014;538;345;63,9;;;;;;;
woj. ma³opolskie;2013;617;423;68,1;;;;;;;
woj. ma³opolskie;2012;677;490;72,2;;;;;;;
woj. ma³opolskie;2011;826;639;77,4;;;;;;;
woj. ma³opolskie;2010;878;677;77,0;;;;;;;
woj. ma³opolskie;2009;938;707;75,1;;;;;;;
woj. ma³opolskie;2008;1 022;760;74,1;;;;;;;
woj. ma³opolskie;2007;1 107;793;71,4;;;;;;;
woj. ma³opolskie;2006;983;704;71,6;;;;;;;
woj. ma³opolskie;2005;1 015;721;70,8;;;;;;;
woj. ma³opolskie;2004;1 126;779;69,1;;;;;;;
woj. ma³opolskie;2003;1 126;796;70,5;;;;;;;
woj. ma³opolskie;2002;967;682;70,4;;;;;;;
woj. ma³opolskie;2001;1 023;728;71,0;;;;;;;
woj. ma³opolskie;2000;1 060;717;67,5;;;;;;;
woj. ma³opolskie;1999;836;576;68,7;;;;;;;
woj. mazowieckie (KWP z/s w Radomiu i KSP Warszawa);2021;335;268;80,0;;;;;;;
woj. mazowieckie (KWP z/s w Radomiu i KSP Warszawa);2020;369;294;79,7;;;;;;;
woj. mazowieckie (KWP z/s w Radomiu i KSP Warszawa);2019;457;366;79,6;;;;;;;
woj. mazowieckie (KWP z/s w Radomiu i KSP Warszawa);2018;476;381;80,0;;;;;;;
woj. mazowieckie (KWP z/s w Radomiu i KSP Warszawa);2017;565;464;82,0;;;;;;;
woj. mazowieckie (KWP z/s w Radomiu i KSP Warszawa);2016;634;521;82,0;;;;;;;
woj. mazowieckie (KWP z/s w Radomiu i KSP Warszawa);2015;591;473;80,0;;;;;;;
woj. mazowieckie (KWP z/s w Radomiu i KSP Warszawa);2014;664;523;78,8;;;;;;;
woj. mazowieckie (KWP z/s w Radomiu i KSP Warszawa);2013;953;766;80,1;;;;;;;
woj. mazowieckie (KWP z/s w Radomiu i KSP Warszawa);2012;1 394;1 167;83,4;;;;;;;
woj. mazowieckie (KWP z/s w Radomiu i KSP Warszawa);2011;1 518;1 320;86,7;;;;;;;
woj. mazowieckie (KWP z/s w Radomiu i KSP Warszawa);2010;1 455;1 244;85,2;;;;;;;
woj. mazowieckie (KWP z/s w Radomiu i KSP Warszawa);2009;1 660;1 397;84,1;;;;;;;
woj. mazowieckie (KWP z/s w Radomiu i KSP Warszawa);2008;1 656;1 377;83,0;;;;;;;
woj. mazowieckie (KWP z/s w Radomiu i KSP Warszawa);2007;1 664;1 408;84,4;;;;;;;
woj. mazowieckie (KWP z/s w Radomiu i KSP Warszawa);2006;1 802;1 480;82,0;;;;;;;
woj. mazowieckie (KWP z/s w Radomiu i KSP Warszawa);2005;1 773;1 361;76,5;;;;;;;
woj. mazowieckie (KWP z/s w Radomiu i KSP Warszawa);2004;1 723;1 311;76,0;;;;;;;
woj. mazowieckie (KWP z/s w Radomiu i KSP Warszawa);2003;1 667;1 262;75,6;;;;;;;
woj. mazowieckie (KWP z/s w Radomiu i KSP Warszawa);2002;1 694;1 290;76,1;;;;;;;
woj. mazowieckie (KWP z/s w Radomiu i KSP Warszawa);2001;1 673;1 299;77,6;;;;;;;
woj. mazowieckie (KWP z/s w Radomiu i KSP Warszawa);2000;1 788;1 412;78,8;;;;;;;
woj. mazowieckie (KWP z/s w Radomiu i KSP Warszawa);1999;1 459;1 108;75,9;;;;;;;
woj. opolskie;2021;66;63;94,0;;;;;;;
woj. opolskie;2020;74;65;86,7;;;;;;;
woj. opolskie;2019;105;92;86,8;;;;;;;
woj. opolskie;2018;138;114;82,6;;;;;;;
woj. opolskie;2017;130;99;76,2;;;;;;;
woj. opolskie;2016;118;88;74,6;;;;;;;
woj. opolskie;2015;125;76;60,8;;;;;;;
woj. opolskie;2014;181;127;70,2;;;;;;;
woj. opolskie;2013;218;171;78,1;;;;;;;
woj. opolskie;2012;264;200;75,5;;;;;;;
woj. opolskie;2011;316;249;78,8;;;;;;;
woj. opolskie;2010;340;266;77,8;;;;;;;
woj. opolskie;2009;421;331;78,6;;;;;;;
woj. opolskie;2008;414;329;79,3;;;;;;;
woj. opolskie;2007;413;336;81,4;;;;;;;
woj. opolskie;2006;359;285;79,4;;;;;;;
woj. opolskie;2005;390;325;83,3;;;;;;;
woj. opolskie;2004;387;321;82,9;;;;;;;
woj. opolskie;2003;349;287;82,2;;;;;;;
woj. opolskie;2002;369;311;84,1;;;;;;;
woj. opolskie;2001;390;322;82,6;;;;;;;
woj. opolskie;2000;417;354;84,9;;;;;;;
woj. opolskie;1999;350;289;82,6;;;;;;;
woj. podkarpackie;2021;109;90;82,6;;;;;;;
woj. podkarpackie;2020;132;105;79,5;;;;;;;
woj. podkarpackie;2019;159;120;75,5;;;;;;;
woj. podkarpackie;2018;174;141;80,6;;;;;;;
woj. podkarpackie;2017;198;152;76,4;;;;;;;
woj. podkarpackie;2016;224;166;74,1;;;;;;;
woj. podkarpackie;2015;230;163;70,6;;;;;;;
woj. podkarpackie;2014;285;223;78,0;;;;;;;
woj. podkarpackie;2013;408;303;73,9;;;;;;;
woj. podkarpackie;2012;516;417;80,3;;;;;;;
woj. podkarpackie;2011;528;417;78,8;;;;;;;
woj. podkarpackie;2010;549;425;77,0;;;;;;;
woj. podkarpackie;2009;627;467;74,4;;;;;;;
woj. podkarpackie;2008;635;460;72,1;;;;;;;
woj. podkarpackie;2007;692;529;76,2;;;;;;;
woj. podkarpackie;2006;627;458;72,9;;;;;;;
woj. podkarpackie;2005;620;473;76,2;;;;;;;
woj. podkarpackie;2004;588;449;76,1;;;;;;;
woj. podkarpackie;2003;627;516;82,0;;;;;;;
woj. podkarpackie;2002;574;479;83,3;;;;;;;
woj. podkarpackie;2001;531;441;82,9;;;;;;;
woj. podkarpackie;2000;645;531;82,2;;;;;;;
woj. podkarpackie;1999;538;430;79,8;;;;;;;
woj. podlaskie;2021;103;89;85,6;;;;;;;
woj. podlaskie;2020;128;111;86,7;;;;;;;
woj. podlaskie;2019;154;126;81,3;;;;;;;
woj. podlaskie;2018;175;127;72,6;;;;;;;
woj. podlaskie;2017;163;125;76,7;;;;;;;
woj. podlaskie;2016;179;139;77,7;;;;;;;
woj. podlaskie;2015;180;131;71,6;;;;;;;
woj. podlaskie;2014;272;204;75,0;;;;;;;
woj. podlaskie;2013;304;249;81,1;;;;;;;
woj. podlaskie;2012;370;305;82,0;;;;;;;
woj. podlaskie;2011;388;312;80,4;;;;;;;
woj. podlaskie;2010;398;311;77,9;;;;;;;
woj. podlaskie;2009;473;363;76,6;;;;;;;
woj. podlaskie;2008;549;426;77,2;;;;;;;
woj. podlaskie;2007;520;408;78,5;;;;;;;
woj. podlaskie;2006;564;443;78,4;;;;;;;
woj. podlaskie;2005;581;463;79,4;;;;;;;
woj. podlaskie;2004;646;509;78,5;;;;;;;
woj. podlaskie;2003;627;461;73,4;;;;;;;
woj. podlaskie;2002;630;526;83,5;;;;;;;
woj. podlaskie;2001;637;516;81,0;;;;;;;
woj. podlaskie;2000;643;522;81,2;;;;;;;
woj. podlaskie;1999;569;437;76,7;;;;;;;
woj. pomorskie;2021;122;91;74,0;;;;;;;
woj. pomorskie;2020;140;110;78,6;;;;;;;
woj. pomorskie;2019;202;158;78,2;;;;;;;
woj. pomorskie;2018;206;163;78,4;;;;;;;
woj. pomorskie;2017;240;177;72,8;;;;;;;
woj. pomorskie;2016;265;200;75,5;;;;;;;
woj. pomorskie;2015;212;145;68,4;;;;;;;
woj. pomorskie;2014;267;186;69,7;;;;;;;
woj. pomorskie;2013;416;321;76,8;;;;;;;
woj. pomorskie;2012;610;479;78,3;;;;;;;
woj. pomorskie;2011;609;494;81,0;;;;;;;
woj. pomorskie;2010;642;510;79,4;;;;;;;
woj. pomorskie;2009;731;567;77,5;;;;;;;
woj. pomorskie;2008;797;587;73,0;;;;;;;
woj. pomorskie;2007;724;536;73,9;;;;;;;
woj. pomorskie;2006;742;572;76,5;;;;;;;
woj. pomorskie;2005;695;523;74,8;;;;;;;
woj. pomorskie;2004;724;543;74,8;;;;;;;
woj. pomorskie;2003;631;437;69,0;;;;;;;
woj. pomorskie;2002;754;544;72,1;;;;;;;
woj. pomorskie;2001;803;574;71,5;;;;;;;
woj. pomorskie;2000;744;539;72,3;;;;;;;
woj. pomorskie;1999;644;451;69,9;;;;;;;
woj. œl¹skie;2021;338;286;83,9;;;;;;;
woj. œl¹skie;2020;392;305;77,8;;;;;;;
woj. œl¹skie;2019;538;421;78,1;;;;;;;
woj. œl¹skie;2018;601;469;77,9;;;;;;;
woj. œl¹skie;2017;643;515;79,8;;;;;;;
woj. œl¹skie;2016;687;510;74,2;;;;;;;
woj. œl¹skie;2015;711;520;72,8;;;;;;;
woj. œl¹skie;2014;880;650;73,2;;;;;;;
woj. œl¹skie;2013;1 810;1 509;83,0;;;;;;;
woj. œl¹skie;2012;2 122;1 746;82,0;;;;;;;
woj. œl¹skie;2011;2 255;1 836;81,3;;;;;;;
woj. œl¹skie;2010;1 832;1 384;75,3;;;;;;;
woj. œl¹skie;2009;2 059;1 535;74,4;;;;;;;
woj. œl¹skie;2008;2 340;1 753;74,6;;;;;;;
woj. œl¹skie;2007;2 183;1 627;74,4;;;;;;;
woj. œl¹skie;2006;2 170;1 599;73,5;;;;;;;
woj. œl¹skie;2005;1 955;1 445;73,5;;;;;;;
woj. œl¹skie;2004;1 942;1 327;68,1;;;;;;;
woj. œl¹skie;2003;1 772;1 178;66,2;;;;;;;
woj. œl¹skie;2002;1 842;1 282;69,3;;;;;;;
woj. œl¹skie;2001;1 841;1 287;69,6;;;;;;;
woj. œl¹skie;2000;1 745;1 246;71,1;;;;;;;
woj. œl¹skie;1999;1 639;1 209;73,4;;;;;;;
woj. œwiêtokrzyskie;2021;88;76;85,4;;;;;;;
woj. œwiêtokrzyskie;2020;97;76;77,6;;;;;;;
woj. œwiêtokrzyskie;2019;121;97;79,5;;;;;;;
woj. œwiêtokrzyskie;2018;116;97;83,6;;;;;;;
woj. œwiêtokrzyskie;2017;151;125;82,2;;;;;;;
woj. œwiêtokrzyskie;2016;170;137;80,6;;;;;;;
woj. œwiêtokrzyskie;2015;161;124;77,0;;;;;;;
woj. œwiêtokrzyskie;2014;217;171;78,4;;;;;;;
woj. œwiêtokrzyskie;2013;238;191;79,9;;;;;;;
woj. œwiêtokrzyskie;2012;346;289;83,3;;;;;;;
woj. œwiêtokrzyskie;2011;379;311;82,1;;;;;;;
woj. œwiêtokrzyskie;2010;380;310;80,5;;;;;;;
woj. œwiêtokrzyskie;2009;391;302;76,6;;;;;;;
woj. œwiêtokrzyskie;2008;505;403;79,8;;;;;;;
woj. œwiêtokrzyskie;2007;461;381;81,9;;;;;;;
woj. œwiêtokrzyskie;2006;458;363;79,1;;;;;;;
woj. œwiêtokrzyskie;2005;495;391;79,0;;;;;;;
woj. œwiêtokrzyskie;2004;532;404;75,7;;;;;;;
woj. œwiêtokrzyskie;2003;547;434;79,2;;;;;;;
woj. œwiêtokrzyskie;2002;588;484;82,2;;;;;;;
woj. œwiêtokrzyskie;2001;561;467;83,2;;;;;;;
woj. œwiêtokrzyskie;2000;606;508;83,6;;;;;;;
woj. œwiêtokrzyskie;1999;638;509;79,5;;;;;;;
woj. warmiñsko-mazurskie;2021;103;90;87,4;;;;;;;
woj. warmiñsko-mazurskie;2020;128;114;88,4;;;;;;;
woj. warmiñsko-mazurskie;2019;153;136;88,9;;;;;;;
woj. warmiñsko-mazurskie;2018;166;140;84,3;;;;;;;
woj. warmiñsko-mazurskie;2017;195;151;77,0;;;;;;;
woj. warmiñsko-mazurskie;2016;267;220;82,1;;;;;;;
woj. warmiñsko-mazurskie;2015;231;173;74,9;;;;;;;
woj. warmiñsko-mazurskie;2014;249;196;77,5;;;;;;;
woj. warmiñsko-mazurskie;2013;415;335;80,3;;;;;;;
woj. warmiñsko-mazurskie;2012;562;463;82,4;;;;;;;
woj. warmiñsko-mazurskie;2011;535;459;85,5;;;;;;;
woj. warmiñsko-mazurskie;2010;536;450;84,0;;;;;;;
woj. warmiñsko-mazurskie;2009;618;520;83,9;;;;;;;
woj. warmiñsko-mazurskie;2008;687;577;83,9;;;;;;;
woj. warmiñsko-mazurskie;2007;722;619;85,7;;;;;;;
woj. warmiñsko-mazurskie;2006;828;681;82,0;;;;;;;
woj. warmiñsko-mazurskie;2005;784;636;80,9;;;;;;;
woj. warmiñsko-mazurskie;2004;847;661;77,8;;;;;;;
woj. warmiñsko-mazurskie;2003;849;680;79,8;;;;;;;
woj. warmiñsko-mazurskie;2002;876;749;85,5;;;;;;;
woj. warmiñsko-mazurskie;2001;885;742;83,3;;;;;;;
woj. warmiñsko-mazurskie;2000;771;623;80,6;;;;;;;
woj. warmiñsko-mazurskie;1999;673;552;81,9;;;;;;;
woj. wielkopolskie;2021;139;131;94,2;;;;;;;
woj. wielkopolskie;2020;165;154;93,3;;;;;;;
woj. wielkopolskie;2019;166;155;93,4;;;;;;;
woj. wielkopolskie;2018;172;160;93,0;;;;;;;
woj. wielkopolskie;2017;215;197;91,2;;;;;;;
woj. wielkopolskie;2016;258;233;90,0;;;;;;;
woj. wielkopolskie;2015;268;235;87,4;;;;;;;
woj. wielkopolskie;2014;286;259;89,6;;;;;;;
woj. wielkopolskie;2013;577;527;91,0;;;;;;;
woj. wielkopolskie;2012;854;793;92,6;;;;;;;
woj. wielkopolskie;2011;702;639;90,9;;;;;;;
woj. wielkopolskie;2010;778;698;89,7;;;;;;;
woj. wielkopolskie;2009;894;802;89,3;;;;;;;
woj. wielkopolskie;2008;948;848;89,2;;;;;;;
woj. wielkopolskie;2007;912;798;87,5;;;;;;;
woj. wielkopolskie;2006;875;772;88,0;;;;;;;
woj. wielkopolskie;2005;836;739;87,9;;;;;;;
woj. wielkopolskie;2004;763;641;83,9;;;;;;;
woj. wielkopolskie;2003;830;690;83,0;;;;;;;
woj. wielkopolskie;2002;897;719;80,0;;;;;;;
woj. wielkopolskie;2001;842;668;78,9;;;;;;;
woj. wielkopolskie;2000;786;629;80,0;;;;;;;
woj. wielkopolskie;1999;736;538;73,0;;;;;;;
woj. zachodniopomorskie;2021;108;96;88,9;;;;;;;
woj. zachodniopomorskie;2020;126;113;89,7;;;;;;;
woj. zachodniopomorskie;2019;192;163;84,5;;;;;;;
woj. zachodniopomorskie;2018;167;141;84,4;;;;;;;
woj. zachodniopomorskie;2017;215;195;90,7;;;;;;;
woj. zachodniopomorskie;2016;202;172;84,3;;;;;;;
woj. zachodniopomorskie;2015;198;170;85,4;;;;;;;
woj. zachodniopomorskie;2014;257;213;82,6;;;;;;;
woj. zachodniopomorskie;2013;363;314;86,3;;;;;;;
woj. zachodniopomorskie;2012;591;519;87,1;;;;;;;
woj. zachodniopomorskie;2011;610;535;87,7;;;;;;;
woj. zachodniopomorskie;2010;630;549;87,0;;;;;;;
woj. zachodniopomorskie;2009;526;434;82,4;;;;;;;
woj. zachodniopomorskie;2008;685;548;79,8;;;;;;;
woj. zachodniopomorskie;2007;703;563;80,1;;;;;;;
woj. zachodniopomorskie;2006;652;520;79,6;;;;;;;
woj. zachodniopomorskie;2005;608;478;78,2;;;;;;;
woj. zachodniopomorskie;2004;681;523;76,7;;;;;;;
woj. zachodniopomorskie;2003;685;554;80,4;;;;;;;
woj. zachodniopomorskie;2002;762;610;79,8;;;;;;;
woj. zachodniopomorskie;2001;803;622;77,4;;;;;;;
woj. zachodniopomorskie;2000;746;598;79,8;;;;;;;
woj. zachodniopomorskie;1999;751;578;76,8;;;;;;;
teren dzia³ania KWP z/s w Radomiu;2021;185;156;84,3;;;;;;;
teren dzia³ania KWP z/s w Radomiu;2020;202;168;83,2;;;;;;;
teren dzia³ania KWP z/s w Radomiu;2019;251;209;83,3;;;;;;;
teren dzia³ania KWP z/s w Radomiu;2018;240;201;83,8;;;;;;;
teren dzia³ania KWP z/s w Radomiu;2017;288;241;83,7;;;;;;;
teren dzia³ania KWP z/s w Radomiu;2016;351;303;86,3;;;;;;;
teren dzia³ania KWP z/s w Radomiu;2015;290;236;81,4;;;;;;;
teren dzia³ania KWP z/s w Radomiu;2014;364;300;82,4;;;;;;;
teren dzia³ania KWP z/s w Radomiu;2013;492;400;81,1;;;;;;;
teren dzia³ania KWP z/s w Radomiu;2012;740;623;83,7;;;;;;;
teren dzia³ania KWP z/s w Radomiu;2011;831;726;87,2;;;;;;;
teren dzia³ania KWP z/s w Radomiu;2010;730;631;86,1;;;;;;;
teren dzia³ania KWP z/s w Radomiu;2009;848;700;82,4;;;;;;;
teren dzia³ania KWP z/s w Radomiu;2008;836;685;81,8;;;;;;;
teren dzia³ania KWP z/s w Radomiu;2007;880;735;83,3;;;;;;;
teren dzia³ania KWP z/s w Radomiu;2006;1 023;845;82,4;;;;;;;
teren dzia³ania KWP z/s w Radomiu;2005;965;783;81,1;;;;;;;
teren dzia³ania KWP z/s w Radomiu;2004;919;752;81,7;;;;;;;
teren dzia³ania KWP z/s w Radomiu;2003;916;755;82,3;;;;;;;
teren dzia³ania KWP z/s w Radomiu;2002;1 018;856;83,9;;;;;;;
teren dzia³ania KWP z/s w Radomiu;2001;1 109;928;83,6;;;;;;;
teren dzia³ania KWP z/s w Radomiu;2000;1 225;1 037;84,4;;;;;;;
teren dzia³ania KWP z/s w Radomiu;1999;1 158;948;81,8;;;;;;;
teren dzia³ania KSP Warszawa;2021;150;112;74,7;;;;;;;
teren dzia³ania KSP Warszawa;2020;167;126;75,4;;;;;;;
teren dzia³ania KSP Warszawa;2019;206;157;75,1;;;;;;;
teren dzia³ania KSP Warszawa;2018;236;180;76,3;;;;;;;
teren dzia³ania KSP Warszawa;2017;277;223;80,2;;;;;;;
teren dzia³ania KSP Warszawa;2016;283;218;76,8;;;;;;;
teren dzia³ania KSP Warszawa;2015;301;237;78,7;;;;;;;
teren dzia³ania KSP Warszawa;2014;300;223;74,3;;;;;;;
teren dzia³ania KSP Warszawa;2013;461;366;79,1;;;;;;;
teren dzia³ania KSP Warszawa;2012;654;544;83,1;;;;;;;
teren dzia³ania KSP Warszawa;2011;687;594;86,2;;;;;;;
teren dzia³ania KSP Warszawa;2010;725;613;84,3;;;;;;;
teren dzia³ania KSP Warszawa;2009;812;697;85,7;;;;;;;
teren dzia³ania KSP Warszawa;2008;820;692;84,2;;;;;;;
teren dzia³ania KSP Warszawa;2007;784;673;85,6;;;;;;;
teren dzia³ania KSP Warszawa;2006;779;635;81,4;;;;;;;
teren dzia³ania KSP Warszawa;2005;808;578;71,1;;;;;;;
teren dzia³ania KSP Warszawa;2004;804;559;69,5;;;;;;;
teren dzia³ania KSP Warszawa;2003;751;507;67,4;;;;;;;
teren dzia³ania KSP Warszawa;2002;676;434;64,2;;;;;;;
teren dzia³ania KSP Warszawa;2001;564;371;65,7;;;;;;;
teren dzia³ania KSP Warszawa;2000;563;375;66,5;;;;;;;
teren dzia³ania KSP Warszawa;1999;301;160;53,2;;;;;;;
;;;;;;;;;;;
;;;;;;;;;;;
"UWAGA: W latach 2013-2021 przestêpstwa stwierdzone w postêpowaniach przygotowawczych prowadzonch przez BSWP (dawniej BSW KGP) i CBŒP (dawniej CBŒ KGP) zosta³y ""przypisane"" do odpowiednich jednostek podzia³u administracyjnego kraju szczebla wojewódzkiego. Za lata 1999-2012 ze wglêdu na sposób gromadzenia danych nie wyodrêbniano liczby postepowañ wszczêtych dla BSW KGP i CBŒ KGP, a wskazywano je w garnizonach na terenie których dzia³a³y poszczególne komórki organizacyjne.";;;;;;;;;;;
